LoaiSanPham,TenSanPham,GiaBan,QuyCach
Thần kinh não,"Viên uống hỗ trợ giảm nguy cơ tắc mạch, tăng tuần hoàn não Hoạt Huyết Thông Mạch Gold TW3 Foripharm (3 vỉ x 10 viên)",120.000đ / Hộp,Chọn mua
Thần kinh não,"Viên uống tăng cường tuần hoàn não, giảm rối loạn tiền đình Bổ Não Ích Trí Gold (60 viên)",210.000đ / Hộp,Chọn mua
Thần kinh não,Viên uống hỗ trợ tốt cho não và tim mạch Omexxel Ginkgo 120 Premium (60 viên),788.000đ / Hộp,Chọn mua
Thần kinh não,"Viên uống hỗ trợ tăng tuần hoàn máu não, giảm nguy cơ hình thành cục máu đông Pikolin Ocavill (2 vỉ x 15 viên)",671.000đ / Hộp,Chọn mua
Thần kinh não,"Viên uống hỗ trợ hoạt huyết, tăng cường tuần hoàn não Natto Gold 3000FU Royal Care (60 viên)",295.000đ / Hộp,Chọn mua
Thần kinh não,"Viên uống hỗ trợ tăng tuần hoàn não, tốt cho tim mạch Omexxel Ginkgo 120 (60 viên)",688.000đ / Hộp,Chọn mua
Thần kinh não,"Viên uống bổ não, tốt cho mắt và tim mạch Ultra Brain Lab Well (60 viên)",261.000đ / Hộp,Chọn mua
Thần kinh não,"Viên uống tăng cường tuần hoàn não, cải thiện trí nhớ Bamogin Thành Công (6 vỉ x 10 viên)",160.000đ / Hộp,Chọn mua
Thần kinh não,Viên uống giúp an thần hỗ trợ dễ ngủ Valena Kingphar (4 vỉ x 10 viên),106.000đ / Hộp,Chọn mua
Thần kinh não,"Viên uống hỗ trợ hoạt huyết, tăng cường tuần hoàn máu não Euro Ginko Gold HD Pharma (100 viên)",202.000đ / Hộp,Chọn mua
Thần kinh não,"Viên uống hỗ trợ dễ ngủ, ngủ sâu giấc, tăng cường sức khỏe Trùng Thảo Gold (30 viên)",202.000đ / Hộp,Chọn mua
Thần kinh não,"Viên uống hỗ trợ giảm căng thẳng, cải thiện mất ngủ, tăng cường hoạt động não bộ Cebraton Premium Traphaco (Hộp 60 viên)",550.000đ / Hộp,Chọn mua
Thần kinh não,"Viên uống hỗ trợ giảm các triệu chứng mất ngủ, khó ngủ, giấc ngủ không sâu, giảm lo lắng Gaba Jpanwell (60 viên)",768.000đ / Hộp,Hộp 60 Viên
Thần kinh não,Viên uống giúp điều hòa giấc ngủ giúp ngủ sâu giấc Melatonin Nature's Bounty (60 viên),210.000đ / Hộp,Chọn mua
Thần kinh não,Viên uống hỗ trợ tăng cường tuần hoàn não Ginkgo Biloba 60mg Nature's Bounty (60 viên),228.000đ / Hộp,Chọn mua
Thần kinh não,Viên uống hỗ trợ giảm căng thẳng Kudos stress relief (30 viên),323.850đ / Hộp,Hộp 30 Viên
Thần kinh não,"Viên hỗ trợ cải thiện tình trạng lo âu, cải thiện giấc ngủ Ashami Gold (60 viên)",1.000.000đ / Hộp,Hộp 60 Viên
Thần kinh não,Viên uống hỗ trợ tốt cho não bộ Premium Omexxel Memory Health (60 viên),539.000đ / Hộp,Chọn mua
Thần kinh não,"Viên uống hỗ trợ tăng tuần hoàn não, cải thiện trí nhớ Mind Plus Vitamins For Life (30 viên)",395.000đ / Hộp,Chọn mua
Thần kinh não,"Viên uống hỗ trợ các bệnh về tai, giảm ù tai, tăng cường thính giác Vita Ear New Nordic (15 viên)",374.000đ / Hộp,Chọn mua
Thần kinh não,"Viên uống bổ não, hỗ trợ cải thiện suy giảm trí nhớ Brain Support Pharma World (60 viên)",464.000đ / Hộp,Chọn mua
Thần kinh não,"Viên uống bổ não, cải thiện trí nhớ Mind Energy Jpanwell (60 viên)",1.725.000đ / Hộp,Hộp 60 Viên
Thần kinh não,Viên hỗ trợ an thần giảm mất ngủ An Thần Ngủ Ngon (2 vỉ x 10 viên),140.000đ / Hộp,Chọn mua
Thần kinh não,Dung dịch uống hỗ trợ bổ não Bioamicus Omega-3 (30ml),385.000đ / Hộp,Chọn mua
Thần kinh não,Siro bổ não Kids Smart Drops DHA Nature's Way (20ml),355.500đ / Lọ,Lọ x 20ml
Thần kinh não,Giúp tăng lưu thông khí huyết Viên Vai Gáy Thái Dương (2 vỉ x 15 viên),108.000đ / Hộp,Chọn mua
Thần kinh não,Viên hỗ trợ tăng khả năng tập trung Cebrium Ever Pharma (3 vỉ x 10 viên),,
Thần kinh não,Viên hỗ trợ bổ não Odourless Fish Oil 1000mg Nature's Way (80 viên),378.000đ / Hộp,Hộp 80 Viên
Thần kinh não,Viên uống NattoEnzym DHA EPA DHG Pharma hỗ trợ giảm nguy cơ đột quỵ do huyết khối (2 vỉ x 10 viên),,
Thần kinh não,Viên nhai hỗ trợ bổ não Kids Smart Bursts DHA 300mg Nature's Way (50 viên),468.000đ / Hộp,Hộp 50 Viên
Thần kinh não,Siro bổ não Omega Vit Plus+ Botafarma (100ml),245.000đ / Hộp,Chọn mua
Thần kinh não,Viên uống hỗ trợ giảm nguy cơ huyết khối Orihiro Nattokinase (60 viên),436.540đ / Hộp,Hộp 60 Viên
Thần kinh não,Siro bổ não Omega Vit Botafarma (100ml),330.000đ / Hộp,Chọn mua
Thần kinh não,Viên hỗ trợ hoạt huyết Cebraton Premium Traphaco (30 viên),290.000đ / Lọ,Chọn mua
Thần kinh não,Viên uống giúp tăng cường dưỡng chất cho não Ecogreen OTiV (60 viên),670.000đ / Hộp,Chọn mua
Thần kinh não,Viên nhai hỗ trợ bổ não Kids Smart Vita Gummies Omega-3 DHA Fish Oil Nature's Way (60 viên),315.000đ / Hộp,Hộp 60 Viên
Thần kinh não,Viên hỗ trợ hoạt huyết Vindermen Plus Vinh Gia (3 vỉ x 10 viên),163.000đ / Hộp,Chọn mua
Thần kinh não,Viên hỗ trợ hoạt huyết NattoEnzym DHG (3 vỉ x 10 viên),132.000đ / Hộp,Chọn mua
Thần kinh não,Viên uống giúp tăng cường dưỡng chất cho não Ecogreen OTiV (30 viên),420.000đ / Hộp,Chọn mua
Thần kinh não,Viên hỗ trợ hoạt huyết NattoEnzym DHG (90 viên),350.000đ / Hộp,Chọn mua
Thần kinh não,Siro giúp trẻ ngủ ngon Fitobimbi Sonno (30ml),345.000đ / Chai,Chọn mua
Thần kinh não,Viên uống Blackmores Ginkgo Forte hỗ trợ tuần hoàn máu não (40 viên),446.400đ / Hộp,Hộp 40 Viên
Thần kinh não,Viên hỗ trợ giảm nguy cơ huyết khối NattoEnzym 1000 DHG (2 vỉ x 10 viên),140.000đ / Hộp,Chọn mua
Thần kinh não,Viên hỗ trợ hoạt huyết Migrin Plus CVI (2 vỉ x 10 viên),186.000đ / Hộp,Chọn mua
Thần kinh não,Viên uống hỗ trợ giảm căng thẳng Anti Stress Doppelherz (2 vỉ x 15 viên),349.000đ / Hộp,Chọn mua
Thần kinh não,"Viên uống Hoạt Huyết Minh Não Khang hỗ trợ hoạt huyết, giảm đau đầu, chóng mặt, mất ngủ (3 vỉ x 10 viên)",75.000đ / Hộp,Chọn mua
